username,text
rfruth,FedEx stock rallies 9% as online shopping sprees boost companyâ€™s quarterly results https://www.marketwatch.com/story/f40a431c-bafa-11ea-b5b2-fa449ce6ea0d-2020-06-30Â â€¦ #news #feedly
ğŸš¨Virginia4KAGğŸš¨,#Breaking #News #Media #Alert #Attention #Exclusive #Scoop #Tuesday https://twitter.com/JustTheNews/status/1278112875094118400Â â€¦
Tickeron,"$YMAB enters an Uptrend as Momentum Indicator exceeded the 0 level on May 29, 2020. View odds for this and other indicators: https://tickeron.com/go/1802078Â  #YMabsTherapeutics #stockmarket #stock #technicalanalysis #money #trading #investing #daytrading #news #todaypic.twitter.com/zGiCL5k7BS"
Rock,@Tigerfists88 #PeoplesChamp.!! Obama #news Biden #p2 pic.twitter.com/hpq2wj4g8k pic.twitter.com/SWqe00hcEw Please RT. #t4a #5T6E
Activate Media,"8PM ET - Talk Nation Radio
Nina Turner Says Wrap Your Mind Around How Much Is Spent on Military Industrial Complex
Activate Radio - http://activatemedia.orgÂ 
#news #boston #cambridge #lowell #worcester #fallriver #springfieldpic.twitter.com/Yh3ZGrSCyE"
PhilNews,"Here are the latest updates from PAGASA this July 1, 2020.
#news #weatherhttps://bit.ly/3imaBTwÂ "
PolitiHUB,"Trump Campaign Has Spent $325,000 on Facebook Ads Featuring Brad Parscaleâ€™s Page #politics #news #USPolitiHUBhttps://www.nytimes.com/2020/06/30/us/politics/brad-parscale-trump.htmlÂ â€¦"
Tickeron,"$NNI enters a Downtrend because Momentum Indicator dropped below the 0 level on June 10, 2020. View odds for this and other indicators: https://tickeron.com/go/1802077Â  #NelnetIncOrdinaryShares #stockmarket #stock #technicalanalysis #money #trading #investing #daytrading #news #todaypic.twitter.com/nS5e5Lp1Aq"
Progressive Perspective,"Ironic 
*
*
*
*
*
#Bernie #Bernie2020 #Biden #Biden2020 #Blacklivesmatter #Canada #Conservative #Democrat #Election #KAG #Leftisbest #Leftwing #MAGA #News #Politics #Progressive #Republican #Trump #Trump2020â€¦ https://www.instagram.com/p/CCFBme3pr0Y/?igshid=1dy8u4bi6aixaÂ â€¦"
Tickeron,"$HCSG's price moved above its 50-day Moving Average on June 29, 2020. View odds for this and other indicators: https://tickeron.com/go/1802076Â  #HealthcareServicesGroup #stockmarket #stock #technicalanalysis #money #trading #investing #daytrading #news #todaypic.twitter.com/aADu4D99z9"
112.ua,"Ğ’ ĞšĞ¸ĞµĞ²ÑĞºĞ¾Ğ¹ Ğ¾Ğ±Ğ»Ğ°ÑÑ‚Ğ¸ Ğ² Ğ¼Ğ½Ğ¾Ğ³Ğ¾ĞºĞ²Ğ°Ñ€Ñ‚Ğ¸Ñ€Ğ½Ğ¾Ğ¼ Ğ´Ğ¾Ğ¼Ğµ Ğ¾Ğ±Ñ€ÑƒÑˆĞ¸Ğ»Ğ°ÑÑŒ ĞºÑ€Ğ¾Ğ²Ğ»Ñ 

#Ğ½Ğ¾Ğ²Ğ¸Ğ½Ğ¸ #Ğ½Ğ¾Ğ²Ğ¾ÑÑ‚Ğ¸ #news #Ukraine #Ğ£ĞºÑ€Ğ°Ğ¸Ğ½Ğ° #Ğ£ĞºÑ€Ğ°Ñ—Ğ½Ğ°https://112.ua/obshchestvo/v-kievskoy-oblasti-v-mnogokvartirnom-dome-obrushilas-krovlya-541309.htmlÂ â€¦"
Trump Advisor,"#DOJ: Many Are Asking #AGBarr To Quit. #AP #NEWS

I'm Asking #AGBarr To Do His Job! #AskAGBarr? #DOJ"
UBNM,"Lori Vallow, mom of missing Idaho kids who were found dead, faces new charges https://ubnm.co/fHEV65Â  (via USA Today) #news #trending #trendingnews"
Newspages,"Jermiah Braswell Wild Arrest Video Shows Cops Pulling NFL WR Out of Lake
TMZ | June 30, 2020 https://www.tmz.com/2020/06/30/nfl-jermiah-braswell-cut-arizona-cardinals-drunk-driving-arrest/Â â€¦ #news"
BlackCentaur,"FCC designates China's Huawei, ZTE as national security threats http://feeds.marketwatch.com/~r/marketwatch/marketpulse/~3/0QLe8hXuE8o/story.aspxÂ â€¦ via MarketWatch #news #mktw #wsj"
Tickeron,"$PEB enters a Downtrend as Momentum Indicator dropped below the 0 level on June 17, 2020. View odds for this and other indicators: https://tickeron.com/go/1802074Â  #PebblebrookHotelTrust #stockmarket #stock #technicalanalysis #money #trading #investing #daytrading #news #todaypic.twitter.com/j7LzUOmvw5"
borkena,Amnesty Internationalâ€™s statement on Hachaluâ€™s killing. Read more. https://borkena.com/2020/06/30/amnesty-internationals-statement-on-hachalu-assassination/Â â€¦ #Ethiopia #News #hachalu
fantagio,"[#ì´ì„œì˜] ë®¤ì§€ì»¬ ë°°ìš° ì´ì„œì˜, ì–´ë¦°ì´ë“¤ì˜ ì¹œêµ¬ â€˜ë½€ë¯¸ ì–¸ë‹ˆâ€™ ë°œíƒ! ì˜¤ëŠ” 13ì¼ ì²« ë°©ì†¡!
 http://naver.me/xrhlSxpLÂ 
#NEWS #ë½€ë½€ë½€ì¹œêµ¬ì¹œêµ¬ #ë½€ë½€ë½€ #LEESEOYOUNGpic.twitter.com/xfGzPhJWnD"
news japan,"U.S. vows to take ""strong actions"" after China passes Hong Kong law

The United States on Tuesday vowed to continue pressuring China against moves to ""smother"" Hong Kong's freedom and autonomy after Beijing enacted a controversial national securâ€¦

https://english.kyodonews.net/news/2020/07/23a5f99861df-update2-us-vows-to-take-strong-actions-after-china-passes-hong-kong-law.htmlÂ â€¦
#NEWS pic.twitter.com/0qJ6BYRjF7"
WITACA,"MÃ¡sMÃ³vil, Digi y Vodafone ganan la batalla de la portabilidad hasta junio Amplia la noticia en https://ift.tt/31x2iOEÂ  #emprendedor #empresario #empresas #noticia #news #tendencia"
jeremyhawkins,"https://needtoknow.news/2020/07/soros-funded-prosecutor-goes-after-st-louis-man-for-defending-his-home/?utm_source=rss&utm_medium=rss&utm_campaign=soros-funded-prosecutor-goes-after-st-louis-man-for-defending-his-homeÂ â€¦
#Anonymous #wakeup #truth #newzealand #RealNews #NZ #news"
jeremyhawkins,"https://needtoknow.news/2020/07/shooting-at-chop-leaves-a-16-year-old-dead-and-a-14-year-old-in-critical-condition/?utm_source=rss&utm_medium=rss&utm_campaign=shooting-at-chop-leaves-a-16-year-old-dead-and-a-14-year-old-in-critical-conditionÂ â€¦
#Anonymous #wakeup #truth #newzealand #RealNews #NZ #news"
EnkiSort33,A group including some of the #UK's largest contractorshave pledged to tackle #ClimateChange#Economy #StockMarket #ClimateAction #NYC #USA #NEWS #IPCC #StayHome #StayAtHome #reopening #WEF #Sustainability #GlobalWarming #London #AirPollutionhttps://www.constructionnews.co.uk/sustainability/major-contractors-make-climate-emergency-pledge-30-06-2020/Â â€¦
Tickeron,$SCHL in Downtrend: RSI indicator exits overbought zone. View odds for this and other indicators: https://tickeron.com/go/1806239Â  #Scholastic #stockmarket #stock #technicalanalysis #money #trading #investing #daytrading #news #todaypic.twitter.com/4C9iW0SFiY
Sikh Siyasat News,"Itâ€™s Time For The Govt to Stop Spreading the Lie That Hindi is Indiaâ€™s â€˜National Languageâ€™ - http://bit.ly/2tkn80UÂ 
#Sikh #News pic.twitter.com/GKYGvc2QPG"
Sikh Siyasat News,"Cultural Trauma of 1984 and S. Ajmer Singhâ€™s book â€˜Ideological Encirclement of Sikhsâ€ - http://bit.ly/2kcHZ4LÂ 
#Sikh #News pic.twitter.com/dYpd0k00Lj"
UMUT EKER,Yabancilarin Brezilyaya giris yasaklari 30 gun daha uzatildi... #brezilyasondurum #Brasil #Brazil #news #SONDAKIKA #haber #brezilya #Covid_19 #koronavirus #brezilyahaberler #gÃ¼neyamerika #LatinAmerica
PolitiHUB,He Says a Union Fired Him Over His Push for Police Reform #politics #news #USPolitiHUBhttps://www.nytimes.com/2020/07/01/business/economy/police-unions-labor.htmlÂ â€¦
ã˜ã‚…ã†ã‚ãã‚“â˜†,"äºˆç´„å—ä»˜ä¸­ã§ã™

smile (æœŸé–“ç”Ÿç”£é™å®šç›¤ CDï¼‹DVD) [ Twentyâ˜…Twenty ] [æ¥½å¤©] https://a.r10.to/hzQi1IÂ 
#TwentyTwenty #ãƒˆãƒ‹ãƒˆãƒ‹ #ã‚¸ãƒ£ãƒ‹ãƒ¼ã‚º #åµ #ã‚­ãƒ³ãƒ—ãƒª #ã‚­ãƒ³ã‚­ã‚­ãƒƒã‚º #V6 #smile #NEWS #é–¢ã‚¸ãƒ£ãƒ‹ #SnowMan #SixTONES #KATTUN #HeySayJUMP #ã‚­ã‚¹ãƒã‚¤ #ABCZ #SexyZone #ã‚¸ãƒ£ãƒ‹ãƒ¼ã‚ºWEST"
Canadanewsmedia,July 1: Nova Scotia reports another travel-related case of COVID-19 - The Telegram has been published on Canada News Media - https://canadanewsmedia.ca/july-1-nova-scotia-reports-another-travel-related-case-of-covid-19-the-telegram/Â â€¦ #news pic.twitter.com/coyH4ORR6Q
Tickeron,$BATRA in Uptrend: RSI indicator exits oversold zone. View odds for this and other indicators: https://tickeron.com/go/1806238Â  #stockmarket #stock #technicalanalysis #money #trading #investing #daytrading #news #todaypic.twitter.com/ICptSf6R6x
PaulCrypto.com,Is #DeFi the ICO of 2020? - #BTCUSD #Cryptocurrency #CryptocurrencyNews #ETHUSD #News - https://paulcrypto.com/2020/07/01/is-defi-the-ico-of-2020/Â â€¦pic.twitter.com/ZSwKJTOmQU
112.ua,"Ğ“Ğ‘Ğ  Ğ¾Ñ‚Ñ‡Ğ¸Ñ‚Ğ°Ğ»Ğ¾ÑÑŒ Ğ¾ Ñ€ĞµĞ·ÑƒĞ»ÑŒÑ‚Ğ°Ñ‚Ğ°Ñ… Ñ€Ğ°ÑÑĞ»ĞµĞ´Ğ¾Ğ²Ğ°Ğ½Ğ¸Ñ ""Ğ´ĞµĞ» ĞœĞ°Ğ¹Ğ´Ğ°Ğ½Ğ°"" Ğ·Ğ° Ğ¸ÑĞ½ÑŒ: ĞĞ±ÑŠÑĞ²Ğ»ĞµĞ½Ñ‹ 8 Ğ¿Ğ¾Ğ´Ğ¾Ğ·Ñ€ĞµĞ½Ğ¸Ğ¹

#Ğ½Ğ¾Ğ²Ğ¸Ğ½Ğ¸ #Ğ½Ğ¾Ğ²Ğ¾ÑÑ‚Ğ¸ #news #Ukraine #Ğ£ĞºÑ€Ğ°Ğ¸Ğ½Ğ° #Ğ£ĞºÑ€Ğ°Ñ—Ğ½Ğ°https://112.ua/obshchestvo/gbr-otchitalos-o-rezultatah-rassledovaniya-del-maydana-za-iyun-obyavleny-8-podozreniy-541448.htmlÂ â€¦"
Tickeron,"$TROX in +10.06% Uptrend, advancing for three consecutive days on June 30, 2020. View odds for this and other indicators: https://tickeron.com/go/1806237Â  #TronoxHoldingsplcOrdinaryShares #stockmarket #stock #technicalanalysis #money #trading #investing #daytrading #news #todaypic.twitter.com/3HfESZmXTB"
DJ Anthony Styles,Fauci: Mixed Messaging On Masks Set U.S. Public Health Response Back http://dlvr.it/RZmkTLÂ  #world #news #politics
KING617,Dj Vlad: Anthony Hamilton on Seeing His Uncle Kill Another Relative with a Shotgun http://dlvr.it/RZmkQ9Â  #MIDUFINGA #NEWS pic.twitter.com/5NUt03Pzi8
Pharma News,"MetVital, Inc. Announces FDA Fast Track Designation of Anhydrous Enol-Oxaloacetate (AEO) for the Treatment of Patients with Newly Diagnosed Glioblastoma Multiforme
http://zpr.io/HgMspÂ 
#news #pharma #pharmiweb"
PerÃº-Retail,"Â¿CÃ³mo le fue a la firma sueca H&M durante el primer semestre en el PerÃº?

https://www.peru-retail.com/como-le-fue-a-la-firma-sueca-hm-durante-el-primer-semestre-en-el-peru/Â â€¦
#PeruRetail #coronavirus #peru #news #Noticias #noticiasonline #noticiasdeldia #Retail #retailnews #covid19"
Tickeron,"$AMPH enters an Uptrend because Momentum Indicator exceeded the 0 level on June 3, 2020. View odds for this and other indicators: https://tickeron.com/go/1806235Â  #AmphastarPharmaceuticals #stockmarket #stock #technicalanalysis #money #trading #investing #daytrading #news #todaypic.twitter.com/4MRlFDU0Ce"
WITACA,"Fuencisla Clemares: ""La recuperaciÃ³n econÃ³mica pasa por la digitalizaciÃ³n"" Amplia la noticia en https://ift.tt/3gnVUNXÂ  #emprendedor #empresario #empresas #noticia #news #tendencia"
