title,label
Card Penalty Fees Soften Slightly In 2010,REAL
"Smoking In Cars With Children Is Illegal Starting January 30, 2018",FAKE
Wife of Las Vegas massacre victim: â€˜He saved my life and lost hisâ€™,FAKE
New Law Makes it Illegal to Shower and Do Laundry on Same Day,FAKE
Twitter Caught Leaking Donald Trump's Private Messages in Undercover Sting,FAKE
Tim Kaine's Speech in Spanish at an Arizona Rally: Read Now,REAL
'This Week' Transcript: Biden,REAL
Arizona Department of Public Safety,REAL
Organizing for Action,REAL
Senate Democrats Demand Supreme Court Nominee Not Be Unduly Influenced By U.S. Constitution,FAKE
Remarks by the President on Oil and Gas Subsidies,REAL
"For Education Secretary, Stimulus Means Dollars and Risk",REAL
Remarks by the President on the American Jobs Act,REAL
Interview with Rudy Giuliani,REAL
Browse Congressional Bills,REAL
â€œDictionaryâ€ on President Obamaâ€™s Health Care Taxes,REAL
The Economic Burden Caused by Tax Code Complexity,REAL
Palin tries new tactic to unload hated jet: Gov. Sarah Palin background,REAL
British Politician Beaten by Protestors for 'Welcoming Trump to the UK',FAKE
Senate Democrats news conference on the Senate Climate Action Task Force,REAL
Itâ€™s Time for the Senate to Do Its Job â€“ Congressman Mike Honda â€“ Medium,REAL
2008 Presidential Election,REAL
Target Recalls Water Absorbing Toys Due to Serious Ingestion Hazard,FAKE
Senator Bernie Sanders on Democratic Socialism in the United States,REAL
Web Ad A Tale of Two Mitts,REAL
a director of research for the foreign policy program at the Brookings Institution,REAL
Transcript Briefing by Press Secretary Robert Gibbs,REAL
"Nancy Pelosi, Wicked Witch of the West",REAL
Transcript: Interview with Donald Trump,REAL
Trump Orders 13 Obama Deep State Operatives Arrested For Treason,FAKE
Births: Preliminary Data for 2005,REAL
Civil War Erupts In Sweden as Irate Swedes Burn Nine Muslim Refugee Centers to the Ground,FAKE
Executive Order Protecting the Nation from Foreign Terrorist Entry into the United States,REAL
"Obama for America TV Ad: ""Firms""",REAL
Children - Obama for America TV Ad,REAL
"OFFICIAL: Rudy Giuliani Officially Resigns, Trumpâ€™s Legal Team on Its Last Leg",FAKE
Letâ€™s Not Be Civil,REAL
Obama Orders Life-Sized Bronze Statute of Himself To Be Permanently Installed in White House,FAKE
Congressman Pence Discusses House Republican Energy Bill on MSNBC's Morning Joe,REAL
Libtard Hero Al Franken Forced To Resign In Disgrace,FAKE
"Donald Trump, Billy Bush: Interview Scrambles Race",REAL
Giuliani in New Hampshire,REAL
United Airlines Flight Attendant Slaps Crying Baby During Flight,FAKE
Summary of the Affordable Care Act,REAL
Democratic National Convention Committee,REAL
AFP: McCain renews attacks on Obama links to radical,REAL
FY 2010 President's Budget,REAL
TG-162: Treasury Announces $68 Billion in Expected CPP Repayments,REAL
Jimmy Carter: â€œMedical Marijuana Cured My Cancerâ€,FAKE
All Nobel Peace Prizes,REAL
President Barack Obama in Portsmouth Town Hall,REAL
Transcripts,REAL
MoveOn.org Political Action: 10 things to know about McCain,REAL
New Jersey Police Chief Says Black People â€˜Have No Valueâ€™ And Should All Be Executed,FAKE
Black Men Arrested In Philadelphia Starbucks Settle For $2 Million,FAKE
BREAKING: Federal Judge Grants Permission To Subpoena Trump,FAKE
Mueller Will Be Forced To Resign Over Pelosi Affair,FAKE
The early catastrophe,REAL
Rand Paul Campaigns in Iowa for Miller-Meeks,REAL
UPDATE: Second Roy Moore Accuser Works For Michelle Obama Right NOW -,FAKE
A comprehensive investigation of voter impersonation finds 31 credible incidents out of one billion ballots cast,REAL
Jim DeMint on Twitter,REAL
Barack Obama on Twitter,REAL
Dr. James Dobson,REAL
Alabama football Crimson Tide disqualified from national championship,FAKE
Session Law,REAL
alternativemediasyndicate.com,FAKE
Political TV Ad Archive Â» PolAd,REAL
Analysis of the 2008 Presidential Candidatesâ€™ Tax Plans,REAL
Remarks by the President on the Resurgence of the American Auto Industry,REAL
 What Adam Sandler is saying about Mormons,FAKE
One in Four â€“ Congressman Joe Pitts â€“ Medium,REAL
Obama Goes To G20 Summit,FAKE
WATCH LIVE: Tim Kaine and Corey Stewart meet for first U.S. Senate debate in Virginia,REAL
Hillary Clinton says guns exceed next nine categories as leading cause of death for young black men,REAL
"GOP Task Force, Lone Democrat Eye Trafficking Law",REAL
Transcript: NPR's Full Interview With Sen. Marco Rubio,REAL
"DNCâ€™s Donna Brazile Dedicated Her Book to â€˜Patriotâ€™ Seth Rich, Whose Death Made Her Fear for Her Own Life",FAKE
NPC Luncheon with Eric Holder,REAL
Bill Clintonâ€™s Hitman Confesses On His Deathbed (SOURCE: HANNITY),FAKE
"Romney For President Launches New Television Ad, ""Remember""",REAL
Lisa Page Squeals: DNC Server Was Not Hacked By Russia,FAKE
Interest Group Ratings,REAL
"Michelle Obama: â€˜Florida Shooting Is Clearly Trumpâ€™s Fault, These Shootings Are Happening Constantly Since He Became Our President.We Must Protect Our Children From This Tyrantâ€Do You Support Her?â€™",FAKE
Ohio student suspended for staying in class during National Walkout Day,FAKE
Report on Geithners tax issues,REAL
Court Orders Obama To Pay $400 Million In Restitution,FAKE
"BOOM: Roy Moore Takes The Military Vote, Pulls Ahead By 5K Votes",FAKE
Video Interview with Howard Dean,REAL
Taxable Estates Estate Tax Liability and Average Estate Tax Rate By Size of Gross Estate,REAL
BREAKING! Roy Mooreâ€™s Accuser Worked for Democratic Leaders and Is Actively Campaigning for Mooreâ€™s Opponent â‹† Activist Mommy,FAKE
"Bill Clinton on Rush Limbaugh, His Mistakes, the Supreme Court and Middle East Peace",REAL
"Employment, Hours, and Earnings from the Current Employment Statistics survey (National) Home Page",REAL
FDIC: FIL-14-2005: Revised Examination Guidance,REAL
Miss Universe Guayana 2016 arrestada con 2kilos en London AirportğŸ˜±,FAKE
Did Bernie Sanders vote against background checks and waiting periods for gun purchases?,REAL
"Bill Gates: â€œI think Donald Trump will go down to history as one of the greatest presidents, just like Reagan.â€",FAKE
Sen. Gregg: President Obama's Budget Proposal Is a 'Disaster',REAL
'This Week' Transcript: Adm. Mike Mullen,REAL
Popular baby names,REAL
alert to members on abortion coverage in the House health care bill,REAL
Town Hall Meeting in Derry NH,REAL
"Outlook, Office, Skype, Bing, Breaking News, and Latest Videos",REAL
 Actress Emma Stone â€˜For the first time in history we have a president thatâ€¦,FAKE
China's Space Threat: How Missiles Could Target U.S. Satellites,REAL
US Representatives Promise Implement Of UN Gun-Control Plans,FAKE
Keeping His Word: Lowering the Cost of Medicare Prescriptions,REAL
Obama Administration Kept Illegal Mexican Kids In Detention Camps As â€œExperimentâ€,FAKE
â€œPut Palinâ€™s WolfKilling Record on Televisionâ€,REAL
"Japanese Whaling Crew Eaten Alive By Killer Whales, 16 dead",FAKE
CHIP Enrollment: June 2011 Data Snapshot,REAL
Candidate Comparison,REAL
Snoop Dogg Arrested For Conspiracy After Talking About His â€˜Murder Trumpâ€™ Video,FAKE
Fox News Sunday,REAL
"If Democrats Lose, Blame These Guys",REAL
Political TV Ad Archive Â» PolAd,REAL
"McCain touts 'Gang of 14,' immigration reform",REAL
Lindsey Graham Threatens To Convert To Democrat If Republicans Donâ€™t Dump Trump â€“ True Trumpers,FAKE
Impeachment Talk Becomes a Cynical Game,REAL
Americas 5 Best Governors,REAL
Tulsa School closes after brutal fire.,FAKE
TRUMP APPROVAL RATING Better than Obama and Reagan at Same Point in their Presidencies,FAKE
Alabama Secretary of State,FAKE
Trump Removing Marines From the Navy,FAKE
Twelve More Hurricanes Headed Towards US,FAKE
2007 Kaiser/HRET Employer Health Benefits Survey,REAL
"Whoopi Goldberg Humiliated, Handcuffed And Dragged Out Of The TV Studio",FAKE
Who is affected by the government shutdown?,FAKE
"Mom applies a remedy to her baby, moments later he dies. Be careful with this, moms!",FAKE
Health Insurance Coverage in the United States 2015,REAL
Transcripts,REAL
Washington State Legislature votes to change its name because George Washington owned Slaves,FAKE
BREAKING: Trump Removes Muslim Federal Judge For Trying To Implement Sharia Law In America,FAKE
Remarks by the President in Twitter Town Hall,REAL
Robert Redford Says: Michelle And Barack Obama Should Get Five Years In Prison,FAKE
BREAKING: Hilary Clinton Filed For Divorce In New York Courts!,FAKE
John McCain for President,REAL
"80% of black men in Atlanta are Homosexuals, study says",FAKE
"In reversal, McCain says lift ban on offshore drilling",REAL
Meet Barack Obama,REAL
å½“ãƒ–ãƒ­ã‚°ã§ã¯ç¦å²¡çœŒå†…ã«ã‚ã‚‹ä¸å‹•ç”£ä¼šç¤¾ã«ã¤ã„ã¦ã•ã¾ã–ã¾ãªæƒ…å ±ã‚’ã¾ã¨ã‚ã¦ã„ã¾ã™ã€‚ç¦å²¡å¸‚ã®åˆ†è­²ãƒãƒ³ã‚·ãƒ§ãƒ³ã‚„ãƒãƒ³ã‚·ãƒ§ãƒ³çµŒå–¶ã§é ¼ã‚Šã«ãªã‚‹ä¼æ¥­ã‚’ã”ç´¹ä»‹ï¼,REAL
Memory Lapse? Trump Seeks Distance From 'Advisor' With Past Ties to Mafia,REAL
"Trump asking Congress, not Mexico, to pay for border wall",REAL
IT BEGINS: California Appoints FIRST Illegal Alien to State Office â€“ Trump Has Better Plan,FAKE
U.S. Senate: U.S. Senate Roll Call Votes 110th Congress,REAL
Crime in Chicago: Explore your community,REAL
Donald Trump exaggerates when he says China has 'total control' over North Korea,REAL
American News is under construction,FAKE
Cannibals Arrested in Florida Claim Eating Human Flesh Cures Diabetes and Depression,FAKE
DONALD TRUMP PRAISES COLONEL SANDERS FOR HIS SERVICE IN THE CIVIL WAR Manny Schewitz O 2 Days Ago Off the Wire Speaking to Our Intern Dave Robicheaux Who Is Paid in Facebook Likes Trump Insisted Col H,FAKE
"Leonard Lance claims federal tax code contains 4 million words, is 7 times as long as Bible",REAL
Prince William May Not Attend Royal Wedding Leaving Harry Without a Best Man; Princess Diana Would Not Be Happy,FAKE
BREAKING: Laura Ingraham Just Fired!!,FAKE
Romneys ProLife Conversion Myth or Reality June 14,REAL
President Trump Just Saved Christmas For 13 Million Retirees,FAKE
CALIFORNIA DEMOCRAT MAXINE WATERS CHARGED ON 3 COUNTS. DO YOU SUPPORT THIS?,FAKE
JUST IN: John Kerry Facing Prison,FAKE
"Outlook, Office, Skype, Bing, Breaking News, and Latest Videos",REAL
testimony submitted to the Congressional Oversight Panelâ€™s hearing on the TARPs impact on financial stability,REAL
BOMBSHELL: Internet Sleuths Just Found the SMOKING GUN on Dems Planning Violence in Charlottesville,FAKE
Congressman Allen West : Final Weekly Wrapup,REAL
Could Trump Win The Nobel Peace Prize? Peace in Korean Peninsula Would Be Significant Foreign Policy Achievement,FAKE
"The pro-Russia, pro-weed, pro-Assange GOP congressman who will be tough to beat",FAKE
Floyd Mayweather Jr. Donates a Whopping Sum of Money to Houston After Hurricane â€“ What You Missed,FAKE
LexisNexis(R) Publisher,REAL
Philando Castile Had Been Stopped 52 Times By Police,REAL
interview with Bloomberg television,REAL
Fox News accidentally puts up a poll graphic that shows how they are the least trusted network,FAKE
"Melania Trump: â€˜If ISIS Lay A Finger On Barron, Iâ€™ll Scratch Obamaâ€™s Eyes Outâ€™",FAKE
Democrat Maxine Waters Has Shown Up To Only 10% Of Congressional Meetings For 35 YEARS,FAKE
Colorado Rockies Baseball Team To Sell Marijuana Brownies At Their Concession Stands,FAKE
THIS ARTICLE RETRACTED: Red Crescent Says No Evidence of Chemical Attack in Syriaâ€™s Douma,FAKE
FDA Announced That Vaccines Are Causing Autism,FAKE
"Penniless California issues IOUs to firms, clinics, taxpayers and students",REAL
"McConnell, Webb, Jindal express uncertainty over Iran nuclear deal",REAL
Hillary Clinton Transcript: Building the â€˜Growth and Fairness Economyâ€™,REAL
JUST IN: Sarah Palin In A Coma After Hit And Run,FAKE
HillaryClinton.com,REAL
Part 1 of CNN Democratic presidential debate,REAL
Indictment US v Vince McMahon and Titan Sports New Haven Register,REAL
BREAKING: Hillary Clinton Killed In Monster Truck Mishap,FAKE
Transcript: Bob Barr on 'FOX News Sunday',REAL
Debbie Wasserman Schultz Aide Arrested Trying to Flee the Country,FAKE
"Outlook, Office, Skype, Bing, Breaking News, and Latest Videos",REAL
BREAKING: Fox Sports Cancels ALL NFL Broadcasts â€˜Until Players Respect The Flagâ€™,FAKE
The State of Working America 20067 pdf,REAL
"Seattle Police Begin Gun Confiscations: No Laws Broken, No Warrant, No Charges",FAKE
Estonia Might Have The Most Efficient Tax Filing System In The World,REAL
Text of H.R. 3338 (107th): Department of Defense and Emergency Supplemental Appropriations for Recovery from and Response to ... (Passed Congress version),REAL
Charleston Shooter Dylann Roof Moved to Death Row in Terre Haute Federal Prison,FAKE
"'This Week' Transcript: Hoyer, Boehner and Bill Gates",REAL
Oscar Pistorius Attempts To Commit Suicide,FAKE
Already a lost decade: Working-age household income down more than 10% since 2000,REAL
"Peter Strzok, FBI Agent in Texting Scandal, Will Testify Before Congress",FAKE
Harry Reid,REAL
BREAKING: US comedian Kevin Hart in critical condition after gory car crash,FAKE
"NFL Lawyer, Who Claimed Super Bowl Is â€˜Riggedâ€™, Found Dead",FAKE
Republican consultant says Barack Obama promised to halve federal deficit in his first term,REAL
John Hagee Calls For â€œProsecuting Women Who Say Godâ€™s Name During Intercourseâ€,FAKE
Remarks on counterterrorism at Stanford University,REAL
Paul Ryan: â€œDonald Trump Plans To Resign From Office Within The Next 30 Daysâ€,FAKE
"Outlook, Office, Skype, Bing, Breaking News, and Latest Videos",REAL
Chuck SchumerÂ’s Steamy Affair With A High School Cheerleader Confirmed,FAKE
LexisNexis(R) Publisher,REAL
You are being redirected...,FAKE
Jeb Bush 2016 Same Resume Right to Rise USA PAC,REAL
"Harry Reid Says GOP Should ""Stop Crying"" About Reconciliation",REAL
2011 Urban Institute and the Blue Cross Blue Shield of Massachusetts Foundation,REAL
"DONALD TRAIN NEWS: BREAKING: Rosa Parksâ€™ Granddaughter SLAMS Racist Democrats, Endorses Trump",FAKE
"Key Facts: Race, Ethnicity and Medical Care",REAL
BREAKING NEWS: Prince William and Harry donates $100 million to Hurricane Harvey Victims,FAKE
International Energy Statistics,REAL
CONFIRMED ! JUSTICE RUTH BADER GINSBURG IS RESIGNING FROM THE POST OF ASSOCIATE JUSTICE OF THE SUPREME COURT,FAKE
Rubio: â€œRape Victims Should Be In Custody If There Is Suspicion That Theyâ€™re Planning Abortionâ€,FAKE
Losing Ground Foreclosures in the Subprime Market and Their Cost to Homeowners,REAL
remarks in Philadelphia,REAL
â€œPut Palinâ€™s WolfKilling Record on Televisionâ€,REAL
Iraq pullout could create chaos,REAL
The latest political news and headlines from D.C. and beyond,REAL
U.S. Senate: U.S. Senate Roll Call Votes 110th Congress,REAL
BREAKING: Florida Moves For FULL RECOUNT Of State Over Massive Voter Fraud (DETAILS),FAKE
"Outlook, Office, Skype, Bing, Breaking News, and Latest Videos",REAL
"No, We Canâ€™t? Or Wonâ€™t?",REAL
'This Week' Transcript: Rep. Paul Ryan,REAL
"The first Trump-Clinton presidential debate transcript, annotated",REAL
BREAKING: Nancy Pelosi To Resign After New Revelations â€“ NRTOnline,FAKE
Trump Nation,FAKE
PolitiFactâ€™s annotated transcript of the second presidential debate,REAL
UsPostman.com is for sale (Us Postman),FAKE
Transcript of AP interview with Trump,REAL
"The CNN Miami Republican debate transcript, annotated",REAL
"He says universal, but it's no guarantee",REAL
Hillary Clinton Remarks at National Urban League Conference,REAL
BREAKING: FBI Issues Warrant For Obamaâ€™s Arrest After Confirming Illegal Trump Tower Wiretap,FAKE
White and Blue Fund ad,REAL
Resource Not Available,REAL
Rockefeller: An Opportunity We CanÂ’t Pass Up,REAL
School kids taught to praise Obama,REAL
"Georgia Mosque KEEPS Hurricane Harvey Donations, Will Send To Syrian Refugees Instead",FAKE
9 celebrities who say they'll move to Canada if Donald Trump becomes president,FAKE
McCain Campaigns In Nashville,REAL
Local News Headlines Hawaii,REAL
Sarah Palin on Twitter,REAL
Stop Coddling the Super-Rich,REAL
BREAKING: Rosa Parksâ€™ Daughter Praises Trumpâ€™s Response to Charlottesville â€“ forfreedomworld,FAKE
Vets for Trump Facebook page,FAKE
'This Week' Transcript: Sen. Dianne Feinstein and Rep. Mike Rogers,REAL
"PWNED: House GOP Dominates Twitter, YouTube, Social Media in Congress",REAL
Watch a replay of Fox News' 5 p.m. presidential debate,REAL
Secret Service Agent Says Obama Is Muslim & Gay In New Tell-All Book,FAKE
"Liberal Women Hate Me Because Of My â€œStriking Beauty And Intellectâ€, Says Kellyanne Conway",FAKE
Obama Criticizes McCain on Lobbyists,REAL
Barack Obamaâ€™s Remarks in St. Paul,REAL
and Surpluses or Deficits as Percentages of GDP 1930â€“2015,REAL
Obama knows his way around a ballot -- chicagotribune.com,REAL
What Carly is doing tonight â€“ Carly Fiorina â€“ Medium,REAL
JEFFERSON DAVIS STATUE TO BE REPLACED WITH OBAMA LIKENESS,FAKE
Donald Trump to issue an executive order to ban Facebook across US,FAKE
Computer Models Show IRMA Destroying New York City On Sept. 10,FAKE
"Shields and Gerson on Cabinet Noms, Gun Laws, Boehner's Leadership | PBS NewsHour | Dec. 21, 2012",REAL
"OBAMA CANCELED IT, TRUMP REINSTATED IT â€“ A VERY SACRED DAY IS BACK",FAKE
ABC News: ABC News,REAL
 Friendly Fire â€¦ Charlottesville Car attacker is antiTrump Antifa supporter,FAKE
H.R.6060 - 109th Congress (2005-2006): Department of State Authorities Act of 2006,REAL
H.R.1025 - 103rd Congress (1993-1994): Brady Handgun Violence Prevention Act,REAL
Actress Sandra Bullock to Hillary Clinton if You Don't Like Our President You Can Leave and Never Come Back Again You Are One Jealous Woman Who Ls Nothing to Compare With Trump I Hope He Will Arrest Y,FAKE
"Obama Urges Bernanke, Paulson to Fight Foreclosures, Hold Homeownership Summit",REAL
Families Facing Tax Increases Under Trump's Tax Plan,REAL
Lance Armstrong's defiant Twitter photo shows him relaxing with seven yellow jerseys,FAKE
Transcript of Republican Presidential debate at the Ronald Reagan Library in Simi Valley,REAL
Des Moines Register,REAL
Las Vegas campaign rally,REAL
BREAKING: Conservative Icon Ted Nugent Killed In Hunting Accident,FAKE
"Switchboard, from NRDC :: Barbara Finamore's Blog :: Chinaâ€™s Carbon Intensity Target",REAL
"""New Energy"" Ad",REAL
McCainâ€™s Death Bed Secret Just Came Out About Who He Killed After Skeleton Suddenly Resurfaces,FAKE
GDP and the Economy Final Estimates for the Third Quarter of 2007,REAL
A Preliminary Analysis of the Presidentâ€™s Budget and an Update of CBOâ€™s Budget and Economic Outlook,REAL
Text - H.R.2122 - 106th Congress (1999-2000): Mandatory Gun Show Background Check Act,REAL
No More Dragging Up the Rear Arkansas Bows To Pressures To Put Schools To the Test,REAL
BREAKING: Mike Huckabee Just Fired!,FAKE
â€œHIV VIRUSâ€ Found In Walmart Bananas After 10 Year Old Boy Agreements The Infection,FAKE
The Fact Hub,REAL
Laguna Beach Antifa 22m David Hogg Didn't Attend Parkland High School I Went to School With Him at Redondo Shores High School in California and He Graduated in 2015 Here He Is in Our Yearbook From 201,FAKE
Bachmann: â€œWhite People Have Suffered More In The Last 8 Years Than Blacks Did During Couple Years Of Slaveryâ€,FAKE
"To young people who are undocumented: This is your country, too.",REAL
2011 Urban InstituteBrookings Institution Tax Policy Center,REAL
Individual Income Tax Returns Publication 1304 (Complete Report),REAL
Melania Trump undergoes kidney surgery at Walter Reed medical center,FAKE
Schneiderman suing Trump over DACA cites 'discriminatory animus',REAL
International Arrest Warrant Issued for George Soros,FAKE
Pastors To Protest IRS Rules on Political Advocacy,REAL
"Emma Gonzalez Bullied School Shooter, Isnâ€™t Sorry; Then Retweets Message Blaming â€œWhite Boysâ€™ Entitlementâ€ As Cause Of All School Shootings",FAKE
"Florida Bridge Collapse, Female Company",FAKE
Account Suspended,FAKE
Critical Mention,REAL
Malia Obama Fired From Cushy Internship At Spanish Embassy,FAKE
"Singer Tina Turner: â€œThis Thanksgiving Is The First Time in 8 Years That I am Thankful For Our President, God Bless Him And His Supporters.â€ Do You Support To Tina ? â€“ American President Donald J. Tru",FAKE
Puerto Rico Mayor Facing Fraud Charges Over $3M In Federal Disaster Relief,FAKE
Rand Paul: Republicans 'Aren't Maybe Brave Enough' to Tackle Deficit,REAL
More Czars Than the Romanovs,REAL
BREAKING: President Trump Just Told Paul Ryan â€˜Youâ€™re Firedâ€™,FAKE
"Saudi Arabia Energy Data, Statistics and Analysis",REAL
"'This Week' Transcript: McKay, Napolitano, Salazar and Allen",REAL
Barack Obama says Mitt Romney condemned coal-fired power plants as killers,REAL
Stephen Bannon: â€œNobody Can Blame You For Beating Your Wife If Itâ€™s Out Of Loveâ€,FAKE
A Solar Grand Plan: Scientific American,REAL
Neon Nettle,FAKE
"Senator Bidenâ€™s Remarks in Springfield, Ill.",REAL
"Employment, Hours, and Earnings from the Current Employment Statistics survey (National) Home Page",REAL
Press release Rep Barton Democrats stimulus will waste money abuse people and lead to unintended consequences,REAL
Strong Words in Ohio as Obama and Clinton Press On,REAL
Cravaack Passes Amendment to Improve US Aviation Security in Opposition to Obamas Planned Disarming of Federal Flight Deck Officers,REAL
BREAKING: Supreme Court Issues Its First Bench Warrant Ever,FAKE
Remarks by the President at CNBC Town Hall Discussion on Jobs,REAL
letter filed on behalf of Sen Barack Obama and the Obama Exploratory Committee,REAL
The Tonight Show with Jay Leno,REAL
"Paul Ryan: â€œ22 Million Americans Choose To Be Poor, So Itâ€™s Their Own Problem If They Canâ€™t Afford To Be Healthyâ€",FAKE
Trump Vows to End Winter Heating Assistance for Elderly and Disabled â€“ Our Voice,FAKE
BREAKING: Clinton Foundation Cargo Ship Raided At Port Of Baltimore Reveals Sick Secret,FAKE
Virginia Republican Wants Schools To Check Children's Genitals Before Using Bathroom,FAKE
Palin-Huey,REAL
Frequently Asked Questions,FAKE
"Employment, Hours, and Earnings from the Current Employment Statistics survey (National) Home Page",REAL
"'This Week' Transcript: Goolsbee, Brown & Corker",REAL
Sanders Supports Gun Safety Bill,REAL
Clinton campaignâ€™s claim that Trump would â€˜force schools to allow guns in classroomsâ€™,REAL
Spicer: â€œTrump Has The Legal Right To Cancel SCOTUS Because They Serve At His Pleasureâ€,FAKE
BREAKING: Supreme Court Sides With Trumpâ€“This Changes Everything!,FAKE
Democratic National Convention,REAL
John McCain for President,REAL
"The hacked emails at the center of Muellerâ€™s Russia investigation, explained",FAKE
Georgia crisis triggers war of words on White House trail,REAL
Statement by the President,REAL
"Outlook, Office, Skype, Bing, Breaking News, and Latest Videos",REAL
Sale of the Etch A Sketch Brand,REAL
Transcript of Wednesday's presidential debate,REAL
America's Enduring Strength,REAL
Thousands killed as Israel Drops Tactical Nuclear Bomb On Syria,FAKE
BREAKING: Black Hockey Player FIRED After Raising Fist During National Anthem,FAKE
Amendment to to declare English as the national language of the Government of the United States,REAL
About Mayor Bhalla,FAKE
3/8/14 Sen. Rob Portman (R-OH) delivers Weekly GOP Address on American jobs,REAL
U.S. Department of Education Budget History,REAL
Missing Teen-Ager Found in New Jersey,REAL
"President Trump Campaigns Rick Saccone Pennsylvania, Mar 10 2018",REAL
Delta targeted in online free airline ticket scam,FAKE
"Preliminary Analysis of the Chairmanâ€™s Mark for the Americaâ€™s Healthy Future Act, as Amended",REAL
Transcripts,REAL
AUTOS: The Dinosaur Hunter,REAL
"Most heroin in U.S. now comes across Mexican border, Rob Portman says",REAL
BREAKING: Santa Fe Killer Confesses His Love For Obama,FAKE
"Democratic debate: Bernie Sanders really isn't as ""socialist"" as President Eisenhower",REAL
Snapchat is shutting down!,FAKE
Public Campaign Action Fund,REAL
FBI RAIDS OBAMA â€“ Find Massive Secret That Was Hidden For YEARS,FAKE
Senate Report Admits Clinton â€˜Giftedâ€™ Children To Human Traffickers,FAKE
CPD: 2008 Debate Transcript,REAL
Trumpâ€™s DHS Secretary Confirms They Are Preparing To Arrest Sanctuary City Leaders,FAKE
"Outlook, Office, Skype, Bing, Breaking News, and Latest Videos",REAL
Uniform Crime Reports,REAL
BUSTED: Obama is Holding Secret Meetings to OVERTAKE the White House,FAKE
"Somali Immigrant Crashes Car Into Ohio Families Home, Killing The Infant At Home",FAKE
BREAKING: 3 Liberal Celebrities Arrested For Conspiracy To Assassinate President Trump,FAKE
Covering Young Adults Under the Affordable Care Act: The Importance of Outreach and Medicaid Expansion,REAL
"BREAKING: Trump fires Deputy Attorney General Rod Rosenstein, raising questions over Muellerâ€™s fate",FAKE
"Scott Baio, Beloved Face Of Conservatism, Dies In Small Plane Crash On His Way To Visit Trump",FAKE
Peace Through Strength and American Pride vs. â€œEnemy-Centricâ€ Policy,REAL
Friend of Israel also woos Palestinians Visiting Obama focuses on Israels right to defend itself,REAL
Obama Promises Abortion in Public Plan,REAL
Top Picks (Most Requested Statistics) : U.S. Bureau of Labor Statistics,REAL
2011-2012 Wisconsin Legislature Documents,REAL
U.S. House Committee on Foreign Affairs,REAL
Web Ad A Tale of Two Mitts,REAL
Denzel Washington: With Trump we avoided war with Russia and Orwellian Police State,FAKE
'This Week' Transcript: Gen. Jim Jones (Ret.),REAL
Rep Poe Interviewed on Fox Business Network,REAL
"Department of Homeland Security Appropriations Act, 2007 (2006; 109th Congress H.R. 5441)",REAL
"New York Officials Welcome Immigrants, Legal or Illegal",REAL
Obamaâ€™s Prime-Time Press Briefing,REAL
U.S. Army's Involvement in Motorsports,REAL
Topic A: How Can President Obama Regain His Political Footing?,REAL
Obama Demands Investigation into Subprime Loan Discrimination,REAL
How Donald Trump Lost the 'War on Christmas',FAKE
Trump on Revamping the Military: Weâ€™re Bringing Back the Draft,FAKE
National Income and Product Accounts Table 175 Relation of Gross Domestic Product,REAL
Reps Cummings and Cole Interviewed on MSNBC,REAL
Pelosi urges minimum-wage hike,REAL
'This Week' Transcript: Hillary Clinton,REAL
'This Week' Transcript: Odierno and Chiarelli,REAL
Buzz Aldrin â€˜passes UFO lie detector test leaving experts convinced that he encountered alien lifeâ€™,FAKE
TSA: Frequently Asked Questions,REAL
BREAKING: Trump Caught INVESTING in Dakota Pipeline Before Signing It,FAKE
"BOMBSHELL: COMEY KNEW MURDERED DNC STAFFER, SETH RICH, WAS WIKILEAKS SOURCE & COVERED IT UP FOR HILLARY",FAKE
Delta Force Raids Obama Stronghold in Thailand,FAKE
Obama Criticizes McCain on Lobbyists,REAL
Kerry-McCain: Welcome To Massachusetts!,REAL
Melania Trump Hired Exorcist To â€˜Cleanse White House Of Obama Demonsâ€™,FAKE
Chinese Lunar Rover Finds No Evidence Of American Moon Landings,FAKE
Testimony on CBOâ€™s Assessment of the Air Forceâ€™s Plan to Acquire 100 Boeing Tanker Aircraft,REAL
US Trade in Goods,REAL
Account Suspended,FAKE
First Indictment Issued In Russian Bribery Case Tied To Obama-Era Uranium One Deal,FAKE
112-Year-Old Voters in North Carolina?,FAKE
TRUMP WANTS TO DEPORT AMERICAN INDIANS TO INDIA,FAKE
 Breaking President Trump makes English the official language of the United States,FAKE
Situation Syria Regional Refugee Response,REAL
The numbers don't lie... - Occupy Democrats,FAKE
"""On and On""",REAL
The page you're looking for may have been moved or renamed,REAL
"Ryan's plan includes $700 billion in Medicare ""cuts,"" says Stephanie Cutter",REAL
OBAMAâ€™S PRIVATE â€˜SECURITYâ€™ COMPANY SETS UP MASSIVE CAMPS OUTSIDE 3 MAJOR CITIES,FAKE
NexisÂ®: Sign In,REAL
BREAKING: President Trump Pardons Kim Davis,FAKE
In Obama's Words,REAL
Barrels removed from Clinton property contain parts from 3 missing women.,FAKE
ICE removal key goal of Democrats in 2020 election,FAKE
Florida passes bill legalizing recreational use of marijuana,FAKE
BREAKING: MALIA OBAMA EXPELLED FROM HARVARD,FAKE
Romney CPAC Speech: It's All About the Jobs,REAL
Breaking: Mar-A-Lago Destroyed By Irma-Jared Kushner Still Missing,FAKE
Israel should welcome Rouhani's election victory,REAL
"Last in Queen Elizabeth II's line of corgis dies, says British press",FAKE
McDonnell Letter Urges No Delay in Virginia Offshore Energy Exploration and Development,REAL
Fox News Sunday,REAL
flashnewscorner.com,FAKE
Sasse Statement on Trade War,REAL
"Latest World News, Videos & Photos -ABC News - ABC News",REAL
House GOP Introduces Keep Terrorists Out of America Act,REAL
"'This Week' Transcript: Madeleine Albright, Sen. Lindsey Graham, Sen. Kent Conrad and David Cote",REAL
â€˜Americans need to stand togetherâ€™: Hillary Clintonâ€™s remarks following the Orlando shooting,REAL
Food Standards and Labeling Policy Book,REAL
Fox News Sandra Smith: â€œEverybody Could See From The United Airlines Passengerâ€™s Behavior That He Was Not A Genuine Americanâ€,FAKE
Remarks by the President at the Associated Press Luncheon,REAL
Melania Just Hit Donald Trump With Shocking Announcement He Never Saw Coming,FAKE
Op-ed by President Obama: President Obama Reflects on the Impact of Title IX,REAL
Thereâ€™s another choice â€“ Gov. Gary Johnson â€“ Medium,REAL
US Foreign Economic and Military Aid by Major Recipient Country The New York Times,REAL
Rep. Vern Buchanan on Twitter,REAL
"BREAKING: Barron Trump Rushed To The Hospital, Hospital Releases Statement On His Condition",FAKE
Donald Trump Sets Conditions for Defending NATO Allies Against Attack,REAL
25th Amendment,REAL
Writers May Have Pact. Huckabee Crosses Picket Lineâ€”Again,REAL
2011 via CQ subscribers only Tax Foundation,REAL
ICE Detainer Issued for Suspected Wine Country Arsonist in Sonoma Jail,FAKE
UPDATE: Van Full Of Illegals Caught Voting At Multiple Alabama Polling Locations,FAKE
The Colbert Report,REAL
"Kasich: â€œIf A Woman Is Not Intelligent Enough To Keep Her Legs Closed, How Can We Entrust The Abortion Decision To Her?â€",FAKE
 accessed Aug 11,FAKE
Man charged with murder after driving into anti-far-right protesters in Charlottesville,FAKE
Broward County Sheriff Fired For Lying About Parkland,FAKE
John McCain for President,REAL
GOP Official Who Says America Needs ?Another 9/11? Shares _______________ With Trump,FAKE
BREAKING: KEN STARRâ€™S PLANE JUST DISAPPEARED ON HIS WAY TO DC TO TESTIFY AGAINST HILLARY,FAKE
BREAKING: Meryl Streep Just Got Fired From A Major Project For Lying About Trump -,FAKE
WHOA! YouTube Witness Makes SHOCKING Admission On LIVE TV! CNN PULLS PLUG IMMEDIATELY! â€” ShareRED,FAKE
REPORT: Kim Jong Un Killed In Trumpâ€™s Overnight Black Op Attack On North Korea -,FAKE
The Arena - Politico's daily debate with policymakers and opinion shapers,REAL
Ron Paul Praises Embattled RNC Chief Michael Steele For Leadership On Afghanistan,REAL
BREAKING: 60 People Just Found Dead In Ohio,FAKE
Radical Muslims in Australia OFFENDED That Their Children Have to Sing the National Anthem,FAKE
BOMBSHELL!! Obama Paid FBI Informant Over $1 MILLION To Do It To Trump! EVEN AFTER THE ELECTION!,FAKE
BREAKING: Leaked Picture Of Obama Being Dragged Before A Judge In Handcuffs For Wiretapping Trump,FAKE
Assistant professor of economics at the Gatton College of Business and Economics at University of Kentucky,REAL
UPDATE: Malia Obama Among 10 Arrested In Racist Antifa Attack,FAKE
Obama campaign radio ad,REAL
Denzel Washington hit by Facebook fake news story on Trump,FAKE
Striking it Richer The Evolution of Top Incomes in the United States update with 2007 estimates,REAL
Bureau of Labor Statistics Data,REAL
"""Give Me a Break"" Americans Against Food Taxes TV Ad 2011",REAL
Hillary Clinton Sits Down With Bill OReilly,REAL
"Iâ€™ll Make Sure you are Jailed- Donald Trump Tells Ghanaâ€™s Prez Mahama â‹† Ghana Home, Ghana News, Politics, Info, News on Ghana, Ghana",FAKE
Michelle Obama Just Received LIFE-SHATTERING News From The Doctor,FAKE
Laws Affecting Reproductive Health and Rights: 2013 State Policy Review,REAL
10 Things You Didn't Know About Nancy Pelosi,FAKE
McCain spoke up early,REAL
Remarks by the President on Responsible Homeownership,REAL
"Barack Obama Tweets SICK Attack On John McCain, Says He Should Have Died",FAKE
the Border Security Economic Opportunity and Immigration Modernization Act as passed by the Senate,REAL
World's most popular candy to be removed from shelves by October 2017!,FAKE
BREAKING: Fox Star Tucker Carlson In Critical Condition After Head On Collision Driving Home,FAKE
Remarks by the President on a New Strategy for Afghanistan and Pakistan,REAL
BREAKING: Roy Mooreâ€™s Accuser Arrested And Charged With Falsification,FAKE
Remarks of Senator Barack Obama An Agenda for MiddleClass Success,REAL
Forget Kiev. The Real Fight Will Be for Crimea,REAL
"Letter to the Honorable John Boehner providing an estimate for H.R. 6079, the Repeal of Obamacare Act",REAL
"Oct. 11: Levin, Graham, McCaffrey, Myers, roundtable",REAL
Family Policy Alliance,REAL
"Democrats go full TYRANNY: Now demand nationwide gun confiscation from law-abiding Americansâ€¦ at gunpoint, of course",FAKE
"Carolyn B. Maloney on Twitter: ""Women's health & wellbeing donâ€™t seem to count in the math of the GOP's merciless #PayMoreForLess healthcare bill. We must not defund @PPFA!â€¦ https:",REAL
Transcripts,REAL
'This Week' Transcript: Kaine and Steele,REAL
Rand Paul: Will Donald Trump betray voters by hiring John Bolton?,REAL
Have You Been to Iraq â€” 76 Sens Say They Have by Patrick Fitzgerald,REAL
"Before leaving governorâ€™s office in 2006, Mitt Romneyâ€™s staff eliminated e-mail records",REAL
NASA ANNOUNCED THAT IT COMMUNICATED WITH FOUR RACES OF ALIENS,FAKE
comments in Fayetteville NC,REAL
Gross Domestic Product Percent change from preceding period,REAL
San Juan City Council Votes Unanimously To Impeach Trump-Hating Mayor,FAKE
U.S. Senator John McCain,REAL
Louise Slaughter on Twitter,REAL
Organizing for Action,REAL
"Joni Ernst ""Promises"" Ad",REAL
Rebooting: You and your doctor under Obamacare,REAL
Hillary Clinton Transcript: Read Full Text of Clinton Campaign Launch,REAL
"Remarks by the President on the Economy -- Knox College, Galesburg, IL",REAL
iQ media Clip Player,REAL
BREAKING: Nancy Pelosi Was Just Taken From Her Office In Handcuffs,FAKE
'This Week' Transcript: Geithner,REAL
Trump Declares Globalist Soros As â€œNational Security Threatâ€â€¦Using Obamaâ€™s 2014 Executive Order,FAKE
RAW DATA: Dick Cheney's Remarks to the Center for Security Policy,REAL
Police Find 19 White Female Bodies In Freezers With â€œBlack Lives Matterâ€ Carved Into Skin,FAKE
"300,000 Pounds of Counterfeit Rat Meat Has Been Sold as Chicken Wings in The U.S.",FAKE
"McCAIN, John Sidney, III",REAL
Texas Church Shooter Was Antifa Member Who Vowed To Start Civil War,FAKE
Transcripts,REAL
"Tennessee GOP Twitter taken down, after Tweet exposing Pelosi involved in Pedophilia",FAKE
Transcript of Wednesday's presidential debate,REAL
or Degrading Treatment of Punishment Text of International Covenant on Civil and Political Rights Text of Geneva Convention relative to the Treatment of Prisoners of War Text of Geneva Convention relative to the Protection of Civilian Persons in Time of War Text of Universal Declaration of Human Rights Jay Bybee assistant attorney general,REAL
The Democratic Debate in Cleveland,REAL
JUST IN: WaPo Reporter Who Broke News On Judge Roy Moore Story Has A Criminal History Of â€œFakingâ€ * 100PercentFedUp.com,FAKE
dailynative.us,FAKE
Krugman calls Senate health care bill similar to law in Massachusetts,REAL
Public financial disclosure report,REAL
Man Loses His Testicles After Attempting To Smoke Weed Through A Scuba Tank,FAKE
 If You Are Using This Toothpasteâ€¦ Throw It Away Immediately Nov 28,FAKE
82-Year-Old Who Killed A Muslim In Self-Defense Gets The Death Penalty,FAKE
FBI uncovered Russian bribery plot before Obama administration approved controversial nuclear deal with Moscow,FAKE
UF requests to cancel Rivalry game against FSU,FAKE
An Open Letter to 'All Barack Channel',REAL
"U.S. considers 3,000 more troops for Afghanistan",REAL
2007 Federal Tax Rate Schedules,REAL
deputy director of national health statistics in the Office of the Actuary at the Center for Medicare and Medicaid Services,REAL
05/27/99 Committee on the Judiciary,REAL
BREAKING ObamaLed UN Has Just Made It Official US To Immediately Pay Blacks â€˜Reparationsâ€™,FAKE
Barack Obama says U.S. oil production last year was highest since 2003,REAL
"Statement from FDA Commissioner Scott Gottlieb, M.D., on FDAâ€™s ongoing efforts to help improve effectiveness of influenza vaccines",FAKE
Ğ½Ğ¸ Ñ‡ĞµĞ³Ğ¾ Ğ½Ğ¾Ğ²Ğ¾Ğ³Ğ¾ ĞºĞ°Ğº Ğ¿Ñ€Ğ°Ğ²Ğ¸Ğ»ÑŒĞ½Ğ¾,FAKE
Barack Obama says U.S. oil production last year was highest since 2003,REAL
Interview with Sen John McCain,REAL
"Data on Campaign Finance, Super PACs, Industries, and Lobbying",REAL
REP. JENKINS: OPIOID CRISIS FUNDING SHOULD BE BASED ON NEED,REAL
 Wake Up America,FAKE
"Washington Post: Breaking News, World, US, DC News & Analysis",REAL
Flake: â€œReligious tests should have no place in the Senateâ€,REAL
Press release AIG Discloses Counterparties to CDS GIA and Securities Lending Transactions,REAL
eCFR â€” Code of Federal Regulations,FAKE
The Legislative Process,FAKE
"No Regrets for a Love Of Explosives; In a Memoir of Sorts, a War Protester Talks of Life With the Weathermen",REAL
New Regulation Requires 75 MPH Governor On All Motorcycles,FAKE
The Des Moines Register,REAL
Mike Pence: â€œAllowing Rape Victims To Have Abortions Will Lead To Women Trying To Get Rapedâ€,FAKE
"Shaquille Oâ€™Neal Says: â€˜Trump Is Possibly The Best President Of The President Of All Times Ever, He Is Not Afraid Toâ€¦â€™",FAKE
National Federation of Independent Business,REAL
Sen. Sanders warns of â€˜frightening trendâ€™ towards oligarchy,REAL
412 Michigan Muslims Arrested In Fedâ€™s â€˜LARGEST BUST IN U.S. HISTORYâ€™,FAKE
WATCH FULL Ted Cruz presser on new deal with Kasich (UPDATE: PART TWO ADDED),REAL
Who Benefits from President Trumpâ€™s Child Care Proposals,REAL
Country of Origin Labeling (COOL),REAL
Rep Jan Schakowsky on MSNBC,REAL
Sarah Palin Calls To Boycott Mall Of America Because â€œSanta Was Always White In The Bibleâ€,FAKE
"Most heroin in U.S. now comes across Mexican border, Rob Portman says",REAL
Full text: Jeff Flake on Trump speech transcript,REAL
Whoopi Goldberg: Navy SEAL Widow was â€œLooking for Attentionâ€,FAKE
Transcripts,REAL
Has the potency of pot changed since President Obama was in high school?,REAL
DEA Just Raided A United States Senator,FAKE
"Mitch McConnell, Alison Lundergan Grimes Have 'Sharp Differences' on Campaign Finance Rules",REAL
Planned ParenthoodÂ® Action Center,REAL
Hispanic Populations Share of Wealth Likely to Increase by 2025,REAL
Biden raises possibility of 2020 presidential bid,FAKE
Eric Trump: It would be 'foolish' for my dad to release tax returns,FAKE
LexisNexis(R) Publisher,REAL
Morgue employee cremated by mistake while taking a nap,FAKE
Hillary In Hiding As Police Discover Dead Body Hidden In Huma Abedinâ€™s Dumpster,FAKE
"The Hill: Op-Ed: Go natural, go nuclear",REAL
MoveOn.org Political Action: 10 things to know about McCain,REAL
Senate Passes Obama-Hagel Provision Aimed at Preventing Nuclear Terrorism,REAL
LexisNexis(R) Publisher,REAL
Democratic Leaders Say House Democrats Are United Against GOP Default Act,REAL
Kim Jong Un Dead: North Koreans Calling Trump An Assassin,FAKE
Mike Huckabee: Fried Squirrel Out of a Popcorn Popper,REAL
Action for 25th Legislature,REAL
Monthly Budget Review,REAL
"MITT ROMNEY: â€˜TRUMP HAS SOME VERY SERIOUS EMOTIONAL PROBLEMS, HE MUST RESIGN BEFORE WEâ€¦â€™",FAKE
Southwest Airlines 2017,FAKE
BREAKING: Trump Just Ended Welfare For One HUGE Group For 5 Years! â€“ Let The Riots ERUPT!,FAKE
Federal Election Commission filing,REAL
BREAKING: Illegal Muslim From Iran Arrested For Starting California Wildfire,FAKE
"Police Officers, Firefighters and Others Get Hit with Tax Penalty",FAKE
Social Security Online History Pages,REAL
"S.1591 - 104th Congress (1995-1996): A bill to prohibit campaign expenditures for services of lobbyists, and for other purposes.",REAL
"ISIS Lays Down Arms After Katy Perryâ€™s Impassioned Plea To â€˜Like, Just Co-Existâ€™",FAKE
Investigators: Anthony Bourdain Was Killed By Clinton Operatives,FAKE
WHITE SUPREMACIST WHO KILLED PROTESTER IS A DEMOCRAT AND VISITED OBAMA IN OVAL OFFICE (Updated 16.08.2017) â€“ Newsfeed â€“ Hasslefree allsorts,FAKE
"Actress Jennifer Aniston: â€œMe and All The Trump Supporter Celebrities Decide To Make A Company Named â€œCelebrities For Trumpâ€, Which Fight Against All Anti Trump Celebrities, I Think President Trump Ne",FAKE
Debt Day: A Symbol of Washingtonâ€™s Arrogant Culture of Borrowing and Spending (Boehner Op-Ed on Townhall.com),REAL
Archbishop Desmond Tutu dies while holidaying in Texas,FAKE
BREAKING: Hillary Clinton Has Third Heart Attack-Docs Says She â€˜Wonâ€™t Surviveâ€™,FAKE
Protecting Our Children from the Dangers of Smoking,REAL
United States Senator Jim DeMint,REAL
United States Department of Defense,REAL
Manager killed 10 employees at checkers on 183st and 27ave,FAKE
"Author Offers Insights on Slavery, the Capitol, and Obama's Inauguration",REAL
Keanu Reeves Shook The World With Another POWERFUL Message,FAKE
Des Moines Register,REAL
U.S. Senator Rand Paul of Kentucky,REAL
Barack Obamaâ€™s Remarks in St. Paul,REAL
Average cable TV bill cited in article on industry study,REAL
Statement by the President,REAL
Centers for Disease Control and Prevention,REAL
"Health Reform Carries Heavy Price, Insurers Claim",REAL
Testimony on the Alternative Minimum Tax,REAL
New York Man Wanted For Infecting 240 Men And Women With HIV!!!,FAKE
FindArticles.com,REAL
Pence: â€œMichelle Obama Is The Most Vulgar First Lady Weâ€™ve Ever Hadâ€,FAKE
First Presidential Debate,REAL
"ABC News Joins Obama In Ban Of American Flag Lapel Pins, Hereâ€™s What You Need To Know",FAKE
a professor of American Studies at Lynn University,REAL
Monthly Treasury Statement of Receipts and Outlays of the United States Government,REAL
Warren Buffett says the super-rich pay lower tax rates than others,REAL
BREAKING: Irish superstar Saoirse Ronan dies after on-set accident in St. Lucia,FAKE
International Energy Statistics,REAL
Marco Rubio says Ted Cruz voted for defense cuts in Rand Paul's budget proposal,REAL
Trumpâ€™s Top Scientist Pick: â€œScientists Are Just Dumb Regular People That Think Dinosaurs Existed And The Earth Is Getting Warmerâ€,FAKE
Memorial Day,REAL
Rick Perry says he switched to GOP at a younger age than Reagan did,REAL
"Briefing by White House Press Secretary Robert Gibbs, 9/10/09",REAL
2011 Text of President Barack Obamaâ€™s proposed jobs bill Email interview with Lynne Bernabei,REAL
"South African firm ordered to lay off 3,389 white employees",FAKE
HRC Caught On Tape Laughing About Irma Â‘Wiping Out All Of Those Florida HillbilliesÂ’,FAKE
"Remarks by the President on the Economy -- Knox College, Galesburg, IL",REAL
Illinois General Assembly,REAL
The Republican Road to Recovery,REAL
Administration Is Seeking $700 Billion for Wall Street,REAL
"NRA President Jim Porter Falsely Accused of Saying, â€œItâ€™s Only A Matter Of Time Before We Can Own Colored People Againâ€",FAKE
Pro-Lifers Declare â€œEjaculation Is Murder: Every Sperm Cell Is A Lifeâ€,FAKE
"Pope Francis At Mass: â€˜Jesus Is Metaphorical, Not Literalâ€™",FAKE
Create a Prank and trick your friends,FAKE
'The Daily Show's' Michelle Wolf Lands Her Own Netflix Late-Night Show (Exclusive),FAKE
"Outlook, Office, Skype, Bing, Breaking News, and Latest Videos",REAL
"NRA President David Keene Rejects White House Gun Control Approach | PBS NewsHour | Jan. 15, 2013",REAL
Donald Trump signs a visa-free travel policy for Ghana,FAKE
Alabama State Police Arrest 3 Poll Workers In Birmingham,FAKE
USDA approves slaughterhouses producing horse meat for human consumption,FAKE
Transcript: House Majority Leader Boehner on 'FNS',REAL
"Impact of Senator Obama's Tax Proposals as Described by Economic Advisors on Workers, Distribution of Federal Tax Change by Cash Income Percentile, 2009",REAL
NASA Will Pay You 18000 USD To Stay In Bed And Smoke Weed For 70 Straight Days,FAKE
Obama addresses key concerns for Floridians,REAL
UPDATE: Florida Governor Rick Scott Now Listed As &#8216;Critical&#8217; After Bizarre Hurricane Cleanup Accident,FAKE
Part I: CNN/YouTube Democratic presidential debate transcript,REAL
'This Week' Transcript: Pelosi and Gates,REAL
Mental Images,FAKE
Clinton Body Count Series #5: Woman Set to Testify Against Clintons Blown Up in Home Explosion,FAKE
Top Presidential Candidate 2008 Websites,REAL
Summing Summertime: Part 4,REAL
Romney campaign ad,REAL
Joint DHS and ODNI Election Security Statement,REAL
Remarks by the First Lady on What Health Insurance Reform Means for Women and Families,REAL
Pope Francis To Followers: â€œKoran And Holy Bible Are The Sameâ€,FAKE
"Fed Up! Our Fight to Save America from Washington, by Rick Perry",REAL
John McCain,REAL
Trump Votes For Death Penalty For Being Gay,FAKE
Information for the Nation,FAKE
WarOnPoverty50,REAL
Starbucks Just Placed Trumpâ€™s Photo on Floor so Every Customer have to Step On Itâ€¦.,FAKE
"CNN Shocks America, FIRES â€˜Journalistâ€™ Who Made Fun Of Sarah Sandersâ€™ Face",FAKE
"Inside the Snapchat bloodbath: 60 minutes of terror which left 17 dead, bodies in classrooms and kids 'full of blood'",FAKE
Bill Gates Outlines 2018 Plan To Depopulate The Planet,FAKE
Peanut Product Recall Took Company Approval,REAL
Ivanka Trump: Father feels 'vindicated' after Comey hearing,REAL
Malia Obama Arrested With A Gang Of Thugs In Chicago,FAKE
U.N. Official 'Accidentally' Crushes Own Throat Right Before Testifying Against Hillary Clinton,FAKE
Justice Department Memos on Interrogation Techniques,REAL
Rep Mike Pence Web site,REAL
Q&A: Did slaves build the White House?,REAL
Barack Obama Challenges John McCain To Duel Over Taxes,REAL
Obamaâ€™s Remarks at the White House Health Care Forum,REAL
The Associated Press: Obama Hits Clinton on NAFTA Support,REAL
Family's private investigator: There is evidence Seth Rich had contact with WikiLeaks prior to death,FAKE
"9/11 families, others rally in favor of NYC mosque",REAL
"BREAKING: FBI Just Raided The White House, 6 People Thrown Out",FAKE
White House Chef Quits Because Trump Has Only Eaten Fast Food For 6 Months,FAKE
Supreme Court Vacancy Video,REAL
WE WILL RIOT! Michelle Obamaâ€™s Mom Will Receive $160k Every Year Out Of Taxpayersâ€™ Pockets!,FAKE
"Remarks by the President on Comprehensive Immigration Reform in El Paso, Texas",REAL
Financial Rescue Nears GDP as Pledges Top 128 Trillion by Mark Pittman and Bob Ivry,REAL
Senate begins health care debate amid calls for tort reforms,REAL
Noted and Quoted,REAL
Inquiry Sought in Hillary Clintonâ€™s Use of Email,REAL
â€˜NASA Confirmsâ€™ 15 Days Of Darkness Coming This Month,FAKE
CBOs Estimate of the Effects on Direct Spending and Revenues of the House Amendments to the Senate Amendments to HR 976 the Childrens Health Insurance Program Reauthorization Act of 2007,REAL
"3,000-Pound Great White Shark Captured in Great Lakes",FAKE
Public Citizen,REAL
Poor and the nearpoor 1959 to 2006,REAL
Obamas comments on capandtrade costs,REAL
WORSE THAN HITLER! Trey Gowdyâ€™s Son Found In A Dumpster In DC! Murders Are Being Questioned!,FAKE
Carnival Cruise Lines will now offer FREE Cruises,FAKE
Post claiming free tickets on Allegiant Air,FAKE
Redirect Notice,REAL
"Table of Known Nuclear Tests Worldwide, 1945-1996",REAL
Remarks by the President on Increasing Oversight on Manipulation in Oil Markets,REAL
foreign policy speech,REAL
"Donald Trump inauguration: Artists who won't perform at ceremony include Elton John, Celine Dion and John Legend",FAKE
"Hillary Rodham Clinton, Senator for New York: Floor Speech of Senator Hillary Rodham Clinton on S.J. Res. 45, A Resolution to Authorize the Use of United States Armed Forces Against Iraq",REAL
SPECIAL REPORT: GEORGIA BECOMES FIRST STATE TO BAN MUSLIM CULTURE IN HISTORIC MOVE TO RESTORE WESTERN VALUES!,FAKE
Information for the Nation,FAKE
Planned ParenthoodÂ® Action Center,REAL
RACE FOR CITY HALL: The Republican Candidate; A Mercurial Mayor's Confident Journey,REAL
Transcript of debate between Chris Coons and Christine ODonnell,REAL
Facebook Picks Sides in Alabama Senate Race=> Shuts Down Gateway Pundit and Breitbart Reports on Discredited Allred Accuser,FAKE
Morgan Freeman: â€˜Jailing Hillaryâ€™ Best Way To â€˜Restore Public Faith In Govtâ€™,FAKE
Transcripts,REAL
American International Group Inc Form 10K,REAL
REMARKS BY THE PRESIDENT AND FIRST LADY AT A CAMPAIGN EVENT,REAL
"CNN's Don Lemon: Bill O'Reilly's Criticism Of Black Community ""Doesn't Go Far Enough""",REAL
"Oprah Winfrey: The Butler, racism and Obama",FAKE
"Fact-Check: No, Fall River, Massachusetts, Was Not â€˜Built by Immigrantsâ€™",FAKE
President Trump Underscores US-Jamaica Relations,FAKE
Contact Support,FAKE
"Outlook, Office, Skype, Bing, Breaking News, and Latest Videos",REAL
"Palin: Pioneer, maverick -- and now game-changer",REAL
Tom Price: â€œItâ€™s Better For Our Budget If Cancer Patients Die More Quicklyâ€,FAKE
NASA Has Just Confirmed Earth Has A New Moon,FAKE
"Bin Laden is â€œAlive and well in the Bahamasâ€, says Edward Snowden",FAKE
Political TV Ad Archive Â» PolAd,REAL
Border Security The Role of the US Border Patrol,REAL
"Nancy Pelosi Suffers Breakdown, Taken From Capitol Hill On A Stretcher",FAKE
"Transcript: The Democratic debate in Milwaukee, annotated",REAL
"Haiti Official Getting Ready To Testify Against Clinton Foundation Corruption NEXT WEEK, Found DEAD With â€œGunshot to the headâ€",FAKE
Energy and Commerce Committee,REAL
"Hannity says Obama won't even use the term ""war on terrorism""",REAL
"First family visits D.C. shelter, highlights homeless veteransâ€™ plight",FAKE
"No, Sandra Bullock didn't disparage Hillary Clinton",FAKE
Terror Suspects Are Buying Guns - and the FBI Can't Stop Them,REAL
roll call on Stupak amendment,REAL
Patient Protection and Affordable Care Act,REAL
â€˜Smallvilleâ€™ Star Confesses She Sold Children To Rothschilds And Clintons,FAKE
Fiscal Year 2011 Email interview with Todd Harrison of the Center for Strategic and Budgetary Assessments,REAL
transcript accessed via Nexis Mitt Romney Sends Taped Message to 2011 NRA Convention,REAL
Pledge of Allegiance E-mail,REAL
Breaking down barriers for African Americans â€“ Hillary for America â€“ Medium,REAL
The CNN porn scare is how fake news spreads,FAKE
speech on the floor of the US House of Representatives,REAL
"Call 'Islamic terrorism' what it is: a threat to West, Jeb Bush says",REAL
Library of Congress,REAL
speech in Cincinnati,REAL
The Gingrich Tragedy,REAL
The Budget and Economic Outlook: Fiscal Years 2009 to 2019,REAL
"Outlook, Office, Skype, Bing, Breaking News, and Latest Videos",REAL
Lady Gaga Reveals Plan To Cover Her Face Again â€œUntil Trump Gets Fired From Office And I Feel Free Once Moreâ€,FAKE
Debbie Wasserman Schultz on Twitter,REAL
Donald J. Trump on the Stakes of the Election,REAL
â€œGay People Should Wear Specially-Colored Clothes To Warn Straight Peopleâ€,FAKE
Attorney General Sessions Statement on Recusal,FAKE
Donald Trump Dead From A Fatal HEART ATTACK! â€” Steemit,FAKE
About Bright Horizons Child Care & Family Solutions,REAL
Student Hasn't Stopped Filming Since Florida School Shooting,FAKE
Australia Becomes First Country To Begin Microchipping Its Citizens,FAKE
Donald Trump featured in new jihadist recruitment video,REAL
WE CALLED IT! Gloria Allred Accuser **ADMITS** She Tampered With Roy Moore's Yearbook 'Signature' (VIDEO),FAKE
US Government Accountability Office Report to Congressional Committees,REAL
"Legendary Actor Kirk Douglas Dead, 4 Days Before His 101st Birthday",FAKE
New York Election Results November 7,REAL
Clinton Foundation Largest Unprosecuted Charity Fraud in History-Charles Ortel,FAKE
"McCain, Obama go head to head in last debate",REAL
U.S. Senate: U.S. Senate Roll Call Votes 108th Congress,REAL
public information officer for Palm Beach County Property Appraisers Office,REAL
BREAKING: Shep Smith To Be Canned Because He Canâ€™t Control His Hate For Donald Trump,FAKE
'This Week' Transcript: Target Libya,REAL
McCain in Colorado,REAL
Police Discover Meth Lab In Back Room of Alabama Walmart,FAKE
"Ralph Nader on Barack Obama: ""It is Quite Clear He is a Corporate Candidate from A to Z""",REAL
Massachusetts Department of Elementary and Secondary Education,REAL
CQ Vote Studies,REAL
Change We Can Believe In,REAL
BREAKING: Monica Lewinsky Found Dead In Roslindale,FAKE
All Citizens Who Want to Receive Gvt Benefits Must Agree to Be Microchipped in the Near Future,FAKE
JUST IN: Barack Obama ARRESTED in a Japanese Drug Bust,FAKE
FrontPage Magazine,REAL
Wilmington Regional Film Commission,FAKE
Clinton's Lead Over Trump Shrinks to 3 Points: New NBC News/WSJ Poll,REAL
spreadsheet with key indicators from OECD Health Data 2009 health care expenditures per capita,REAL
"Flight Crew Takes A Knee And Walks Off, Leaving New Orleans Saints Stranded On Runway",FAKE
A Senate in the Gun Lobbyâ€™s Grip,REAL
"Bill Clinton Says He 'Never Said A Bad Word About Senator Obama,' At mtvU's First 'Editorial Board'",REAL
McCain Blamed For Sabotaging Trump,FAKE
Maxine Waters Is Getting Criminally Charged!,FAKE
Mourning in America,REAL
"Senator Charles Schumer NY November Midterm Elections, Nov 25 2014",REAL
"Everything you need to know about the drone debate, in one FAQ",REAL
Rep. Paul Gosar Asks Capitol Police to Arrest Illegal Immigrants Attending State of the Union,FAKE
Obama Exclusive Concedes Senate Voteainst Raising Debt Limit Was Political,REAL
STUNNING! Democrats BOO and GROAN at Trump Mention of Murder Victims of MS-13 Killers (VIDEO),FAKE
"FOX Network Picks Up â€˜Roseanne,â€™ Saying It Has No Problem With Occasional Racism â€“ The Newly Press News Network â€“ POTUS Press Network",FAKE
U.S. Senate: U.S. Senate Roll Call Votes 103rd Congress,REAL
"THIS IS AMAZING: In 1984, the New York Times said Trump would be our BEST presidentâ€¦They forgotâ€¦..",FAKE
"Care Without Coverage: Too Little, Too Late",REAL
"A fake photo of Emma GonzÃ¡lez went viral on the far right, where Parkland teens are villains",FAKE
"Earmark reform? 2009 spending bill contains 9,000 of them",REAL
Clinton Email: We Must Destroy Syria For Israel,FAKE
"BREAKING: Trump Just Gave Every WORKING, LEGAL Man Woman And Child In The USA $612 EACH! -",FAKE
Tens of Thousands Of Scientists Declare Climate Change A Hoax,FAKE
Florida Democrats Ask HHS to Protect Floridians from High Insurance Premiums in Marketplace,REAL
'This Week' Transcript: Holder and Giuliani,REAL
Pope Francis: Gun Owners 'Canâ€™t Call Themselves Christian' Anymore,FAKE
The Return of the Viral Email,REAL
"Transcript of second McCain, Obama debate",REAL
Remarks by the President at GOP House Issues Conference,REAL
U.S. Solar Market Insight Report,REAL
Change We Can Believe In,REAL
Remarks by President Trump in a Listening Session on Healthcare,REAL
"Singer Dolly Parton: â€œTrump In One Year Is Already Better Than 16 Yearsâ€™ of Bush, Obama â€˜Put Togetherâ€™, This Stupid Liberals Doing Everything To Impeach Him But We Standing With Trump now And Forever.",FAKE
Cain said food stamp program use up under Obama,REAL
The full transcript of the third presidential debate,REAL
The Kardashians donate whopping sum to Las Vegas mass shooting victims,FAKE
Eric Schneiderman Helped NXIVM Sell Child Sex Slaves To The Clintons,FAKE
SMOKING GUN=> San Juan Teamsters Didn't Show Up for Work to Distribute Relief Supplies,FAKE
H1N1 vaccinations to be offered to Guantanamo Bay detainees,REAL
Rice told investigators why she unmasked Trump aides,FAKE
The Daily Show with Trevor Noah,REAL
interview on Fox News,REAL
JUST IN: 45 States Just Banned Sharia Law. Do You Support This? â€“ ChristmasGifts,FAKE
CNN To Permanently Close Its Doors As Ratings Plunge 30 Percent,FAKE
"In Weekly Republican Address, Boehner Calls For â€œNew Way Forwardâ€ Focused on Creating Jobs, Cutting Spending, & Reforming Congress",REAL
Full text: Jeff Flake on Trump speech transcript,FAKE
The Colbert Report,REAL
Mike Gravel 2008,REAL
Pope Calls for World Wide Gun Confiscation Except for the UN,FAKE
Democratic National Convention Committee,REAL
CQ Vote Studies,REAL
Hillary Clinton Furious At â€˜Special Giftâ€™ Melania Trump Sent Her From Her Hospital Bed,FAKE
BREAKING: Bill Oâ€™Reilly In Critical Condition After Being Attacked By â€˜Tolerantâ€™ Liberals,FAKE
2008 Presidential Election,REAL
Breaking: Greitens Accuser Admits Photo Session May Have Been A â€œDreamâ€,FAKE
BREAKING: CZECH REPUBLIC ARMS CITIZENS â€“ â€œYOU CAN NOW SHOOT TERRORISTS ON SIGHTâ€,FAKE
Gore looking to turn idle fans into activists 3year ad campaign will feature enemies united on climate,REAL
"Outlook, Office, Skype, Bing, Breaking News, and Latest Videos",REAL
Bumble Bee Foods charged after man cooked with tuna,FAKE
George H.W. Bush has died at 94 â€“ New York,FAKE
Application for â€˜March For Our Livesâ€™ permit was made months before Parkland school shooting,FAKE
Obama administration opens the door for states to seek major changes in welfaretowork law,REAL
"Ad says Obama apologized, showed weakness on Iran",REAL
Biden Issues Statement Following Conversation with Musharraf,REAL
"Obama for America TV Ad: ""Firms""",REAL
"BREAKING: British Intelligence Seizes Clinton Foundation Warehouse, $400 Million In Cash â€“ NRTOnline",FAKE
Congress: Job Ratings,REAL
Should ISIS' gains lead to more U.S. troops in Iraq?,REAL
Expanding Opportunity â€” #KempForum16 â€“ Paul Ryan â€“ Medium,REAL
Texas law enforcement officer fatally shot upon arriving for work by 3 Muslim refugee. Do you support to deport them?,FAKE
Obama: Mitt Romney refused to say whether he supports Lilly Ledbetter Act,REAL
BREAKING: 2 Million Rounds Of Ammo That â€˜Went Missingâ€™ Under Obama Turns Up In Enemy Hands,FAKE
john.he.is,REAL
Pope says that the rights of Muslim migrants trump any safety concerns that you might have with them in your country,FAKE
"Hurricane Irma: If There Was Such A Thing As A Category 6 Hurricane, This Would Be It",FAKE
The Democratic Debate in Cleveland,REAL
Political TV Ad Archive Â» PolAd,REAL
Notice: Data not available: U.S. Bureau of Labor Statistics,REAL
CPAC 2013 - Former Governor Sarah Palin (R-AK),REAL
Lady Gaga on Twitter,FAKE
"Background Briefing on GM Restructuring, May 31, 2009",REAL
The Obameter: Introduce a comprehensive immigration bill in the first year,REAL
comments at the CNN Republican presidential debate in Las Vegas,REAL
Jason Aldean Gig Canceled After He Sells Out To Liberals On SNL,FAKE
"As Demsâ€™ â€œStimulusâ€ Anniversary Nears, Americans Ask: â€œWhere are the Jobs?â€",REAL
Trump Gives Chaffetz The Thumbs Up For Investigating Hillary Clintonâ€™s Email Server,FAKE
BREAKING: The Democrat James Comey Has Been Having An Affair With Was JUST REVEALED! (DETAILS),FAKE
 BREAKING Muslimsâ€™ Disturbing Plan Comes Out After Grocery Stores Go Bare To Prepare For Irma,FAKE
Transcript: Blue-Ribbon Panel on Health Care,REAL
Encounters With 'Regular Guy' Fred Thompson -- New York Magazine,REAL
'This Week' Transcript: Former Vice President Dick Cheney,REAL
"Current-Law Distribution of Federal Taxes By Cash Income Percentiles, 2007",REAL
Breaking News: FBI Uncovers Evidence That 62 Million Trump Voters are All Russian Agents,FAKE
Iranian Official Drops Bombshell: Obama Secretly Gave Citizenship to 2500 Iranians as Part of Nuke Deal,FAKE
BREAKING: Johnny Depp Taken Into Custody By Secret Service,FAKE
Inside a Fake News Sausage Factory: â€˜This Is All About Incomeâ€™,FAKE
Saudi Arabia to Behead 6 School Girls for Being With Their Male Friends Without Parents or a Guardian,FAKE
Sen. Barack Obama's answer to meeting energy demands,REAL
Obama Secretly Flees US â€“ Leaves Stunning Evidence Behind,FAKE
Transcripts,REAL
"Actor Brad Pitt: 'Trump Is Not My President, We Have No Future With This...'",FAKE
Texas church shooter was a militant atheist,FAKE
Take action,REAL
BREAKING: Autopsy Results From Vince Fosterâ€™s Exhumed Bodyâ€“Cause Of Death To Be Changed,FAKE
American News is under construction,FAKE
State Of Minnesota Has Just Handed Over FULL CONTROL To Muslims So They Can Take Down â€˜Infidelsâ€™,FAKE
Trump warns Russia over Jehovahâ€™s Witnesses ban and urges members to seek asylum in the US,FAKE
Babysitter on Crystal Meth Eats 3-Month-Old Baby,FAKE
Obama: Gitmo inspires jihadists,REAL
LAW PASSED: All Child Support in the United States Will End by Beginning of 2018,FAKE
Kushner And Wife Ivanka Trump Were Tossed Out Of The White House â€” And Donald Is Cutting Them Out Of His Will!,FAKE
Bureau of Labor Statistics Data,REAL
Thinking about writing in a candidate on Election Day? Read this before you do.,FAKE
McCain-Palin 2008,REAL
Miley Cyrus: 'Donald Trump Is a F--king Nightmare',FAKE
"Sec. John Kelly on Manchester investigation, keeping America safe",REAL
Remarks by the President at AFL CIO Labor Day Picnic,REAL
by Mark Halperin,REAL
"Donald Trump Protester Speaks Out: â€œI Was Paid $3,500 To Protest Trumpâ€™s Rallyâ€",FAKE
Rising to a New Generation of Global Challenges,REAL
Michael Bennet for US Senate,REAL
Keanu on Trump travel ban: 'just terrible',FAKE
å­ä¾›ãŸã¡ã®ã‚³ãƒˆã€‚ç§ã®ã‚³ãƒˆã€‚,REAL
Putin says: â€˜Pope Francis Is Not A Man Of Godâ€™ | Must-SeeÂ !!,FAKE
BREAKING: Barcelona Terrorist Has A Cousin In The US Named Barack,FAKE
"3rd Democratic debate transcript, annotated: Who said what and what it meant",REAL
Clint Eastwood Leaves His Estate To The Trump 2020 Campaign,FAKE
Clinton Campaign official arrested by FBI on child rape/trafficking charges,FAKE
Survey Results from Hays Research Group,REAL
Trump's Tough Talk on Hedge-Fund Taxes Doesn't Match His Plan,REAL
Pier 39 Terrorist Was an Anti-Trump Antifa Supporter,FAKE
U.S. Senate: Supreme Court Nominations: present-1789,REAL
The Committee on Energy and Commerce,REAL
eCFR â€” Code of Federal Regulations,REAL
A Trump fan was just charged with trying to murder Maxine Waters on same day Trump threatened her,FAKE
McCain: McSame as Bush,REAL
Regular Session Senate Transcript,REAL
Republican response to President Barack Obamas Weekly radio address,REAL
Leonardo DiCaprio Tells President Obama That He's Going to Mars,FAKE
Hurricane Irene: â€˜Photoâ€™ of shark swimming in street is fake,FAKE
Bill Gatesâ€™ Former Doctor Says Billionaire â€˜Refused To Vaccinate His Childrenâ€™,FAKE
"Romney makes pitch, hoping to close deal : Elections : The Rocky Mountain News",REAL
Daily Fuel Gauge Report Aug 1,REAL
LISTEN: Curious Robocall Seeks 'Damaging' Information on Moore,FAKE
The Texas Unmiracle,REAL
"Obama, Not Donald Trump, May Be Invited to Royal Wedding of Prince Harry and Meghan Markle",FAKE
Renewing Americas Promise,REAL
HOLLYWOOD CELEBS: WE WILL GO ON â€˜TOTAL STRIKEâ€™ IF TRUMP DOES NOT RESIGN,FAKE
U.S. Senate: U.S. Senate Roll Call Votes 105th Congress,REAL
MoveOn.org Political Action: 10 things to know about McCain,REAL
"Queen Elizabeth Says: â€œMuslim Refugees Are Dividing Nationality, I Fully Agree With Donald Trump We Shouldâ€¦â€(VIDEO)",FAKE
"""Face the Nation"" transcripts, August 26, 2012: Rubio, Priebus, Barbour, Blackburn",REAL
"Remarks by the President at Campaign Event -- Colorado Springs, CO",REAL
School Choice FAQ,REAL
Food Stamp Enrollment Drops by Four Million in One Month,FAKE
"Crist has experience to be vice president, McCain says",REAL
Fox News Sunday,REAL
MoveOn.org Political Action: General Petraeus or General Betray Us?,REAL
Chairmans Mark Americas Healthy Future Act of 2009,REAL
"DNC TV AD: ""Trapped""",REAL
Transcript: Vice Presidential Debate,REAL
Transcripts,REAL
Breaking: Crew Of Air Force One Refuses To Fly Obama 6000 Miles â€˜Just To Play Golfâ€™ â€“ BuzzfeedUSA,FAKE
State of the Union 2013,REAL
Patient Protection and Affordable Care Act,REAL
"Outlook, Office, Skype, Bing, Breaking News, and Latest Videos",REAL
Clinton Foundations Sends Water To Houston For $7 A Bottle,FAKE
Why the Public Option Isn't the Only Answer to Health-Care Reform,REAL
Trey Gowdy Breaks His Silence After 2 Of His Investigators Are Found Tortured And Killedâ€¦,FAKE
Bowe Bergdahl wanders off during court-martial â€” Duffel Blog,FAKE
And we pay her a salary!.... - Judge Jeanine Pirro has Fans,FAKE
Kurt Russel Just SHOWED Overpaid Celebs Itâ€™s Time To Shut Up About Trump â€“ Hits Them Where It Hurts!,FAKE
Rule by Rentiers,REAL
Target to Discontinue Sale of Holy Bible,FAKE
Delta Ticket 2017,FAKE
Change We Can Believe In,REAL
John Hagee discusses Catholic Church,REAL
Dean Ralph Reed Fundraiser Reveals McCain Double Talk on Ethics,REAL
"Executive Order Leads to Capture of ISIS Leader, Rasheed Muhammad",FAKE
"""One Hundred Percent"" by Club for Growth Action",REAL
"Outlook, Office, Skype, Bing, Breaking News, and Latest Videos",REAL
Head Of NFL Fines Steeler Teammates $1 MILLION Each!,FAKE
JUST IN TODAY: Trey Gowdy Is The NEW DIRECTOR Of The FBI!,FAKE
Full Interview Transcript: President Barack Obama,REAL
Obamaâ€™s Tax- Skipping â€“ Audit Shows Millions In Offshore Accounts,FAKE
"New Star Wars Movie Filming Near Rosenberg, Texas, Large Number of Extras Needed â€“ WBN 12 News",FAKE
Political Figures: C (2),REAL
No MidOct Paycheck for Troops if Government Shuts Down Lawmaker says,REAL
URGENT: proposed law would charge protesters with terrorism,FAKE
"Rick Santorum: By amending constitution, we can balance the budget for good",REAL
"Russian source behind Trump dossier killed in Russian plane crash, Rosatom CFO also dead. : conspiracy",FAKE
U.S. Senator Debbie Stabenow of Michigan,REAL
Gretchen Carlson: â€œThe 2nd Amendment Was Written Before Guns Were Inventedâ€,FAKE
U.S. Imports & Exports,REAL
Obamaâ€™s Health Care Speech to Congress,REAL
"Bill Murray Had This to Say About Rochester, New Hampshire Residents â€“ News Daily 12",FAKE
Public Views on Health Care Overhaul Top Week's News,REAL
Declining Business Dynamism in the United States A Look at States and Metros,REAL
Rep. Michael McCaul (R-TX) Appears on Face the Nation,REAL
"NYC: PHYSICIAN and Wife Jump To Deathâ€¦Leave Kids Behind Because They â€œCanâ€™t Afford The Health Careâ€ Only Hours After McCain, Murkowski, Collins and EVERY Democrat Voted To Keep Obamacare -",FAKE
Transcripts,REAL
"Budget of the United States Government, FY 2008",REAL
Sid Miller,FAKE
Ted Cruz' Full 'Meet the Press' Interview,REAL
Remarks of Senator Obama: The War We Need to Win,REAL
Trump on Prejean: Same as Obama,REAL
Laura Ingraham wrongly says claim that 90% support for gun background checks has been debunked,REAL
TPMtv Extra: South Carolina Ronald Reagan Debate,REAL
Youngest World Leader Bans George Sorosâ€™s Foundations From Austria,FAKE
SECRET VIDEO: Romney Tells Millionaire Donors What He REALLY Thinks of Obama Voters,REAL
The CNN Democratic presidential debate in Texas,REAL
U.S. Senate: U.S. Senate Roll Call Votes 111th Congress,REAL
UPDATE: Hillary Clinton Leaves The Country As Mueller Indictment Is Announced,FAKE
Interest Group Ratings,REAL
trueamericans.me -&nbspThis website is for sale! -&nbsptrueamericans Resources and Information.,FAKE
Resource Not Available,REAL
"National Guard Storms Mexico Border, Makes Game-Changing Impact In Just 30 Days",FAKE
Table B46 Employees on nonagricultural payrolls by major industry 19552006,REAL
BREAKING: First NFL Team Declares Bankruptcy Over Kneeling Thugs,FAKE
Economy Protect Homeownership and Crack Down on Mortgage Fraud,REAL
"CIA Release Documents Of Moon, Moon Has More Than 250 Million Citizens",FAKE
BREAKING: PUTIN INTERFERENCE COULD GIVE COURTS LEGAL RIGHT TO MAKE HILLARY PRESIDENT,FAKE
Dying 78 Year Old CIA Agent Admits To Killing Marilyn Monroe,FAKE
Red Hen Owner Just Issued Sick Threat To Sarah Sanders After Biz Was Destroyed By Booting Her,FAKE
Rep. Ross: We need to get government running again,REAL
Infrastructure Report Card 2005,REAL
"IMPEACHMENT HINT STIRS HOUSE CLASH; Democratic Orators Spring to Roosevelt Defense, Charging 'Malice.'",REAL
"At Trump hotel site, immigrant workers wary",REAL
USA: Mysterious Nazi submarine from WWII discovered in Great Lakes!,FAKE
Barasso Ready to Question Kagan,REAL
majorthoughts.com,FAKE
"Vladimir Putin's Approval Rating Hits All-Time High, Boosted by Syria Airstrikes",REAL
The Democratic Debate in Cleveland,REAL
Is The End In Sight For Supermax?,REAL
Rick Santorum sworn in as Pennsylvaniaâ€™s newest senator,REAL
Morgan Griffith says EPA treats milk spills same way as oil spills,REAL
"David Plouffe, Sen. Joe Lieberman and Gen. Michael Hayden talk national security leaks",REAL
60 Minutes Transcript,REAL
Preventing the Flu: Good Health Habits Can Help Stop Germs,REAL
Fox News' Shepard Smith: 'Why is it lie after lie after lie?' on Russia meeting,FAKE
Social Security Trustees Report 2007,REAL
"NASA Will Pay You $100,000 To Stay In Bed For 60 Days!",FAKE
Julia Roberts Claims â€˜Michelle Obama Isnâ€™t Fit to Clean Melaniaâ€™s Toiletâ€™,FAKE
Man pardoned by Obama â€˜executedâ€™ by masked men at halfway house,FAKE
Historical aggregate income by fifths and top 5 percent,REAL
proudleader.com,FAKE
"This Labor Day, we need protests",REAL
Account Suspended,FAKE
"Hillary Rodham Clinton, Senator for New York: Schumer, Clinton Announce Key Senate Panel Approves Over $1.3 Million for Labor, Health and Human Services Projects in the Hudson Valley",REAL
Justices 1789 to Present,REAL
Rand Paul: We Must Demilitarize the Police,REAL
MEXICOâ€™S NEXT PRESIDENT Calls for An Invasion Of The USâ€¦.,FAKE
'This Week' Transcript: Geithner,REAL
"Bill Clinton Says He 'Never Said A Bad Word About Senator Obama,' At mtvU's First 'Editorial Board'",REAL
Browse Congressional Bills,REAL
ELECTORAL COLLEGE ELECTOR COMMITS SUICIDE TO AVOID VOTING FOR DONALD TRUMP,FAKE
Job Openings and Labor Turnover Survey News Release,REAL
Poverty 2005 Highlights,REAL
BREAKING: Malia Obama SUSPENDED After Racist Anti-White Attack Goes Viral,FAKE
Updated: The Facts About Hillary Clintonâ€™s Emails,REAL
letter to Chaffetz and Cummings,REAL
BUSTED: Russian Mansions Obama Seized Were Meant To Be Illegal Gifts To Sasha And Malia,FAKE
Debbie Wasserman Schultz on Twitter,REAL
Obamacare vs. the Catholic bishops,REAL
CNN host Fareed Zakaria calls for jihad rape of white women,FAKE
Obama Announces Bid To Become UN Secretary General â€“ Usa News,FAKE
CQ Transcriptswire > Login,REAL
"As Americans Save Money, their Government Spends with Reckless Abandon",REAL
Las Vegas Shooting Witnesses Report Multiple Gunmen Dressed as Security Guards Oct 3 2017,FAKE
Teamsters Tout ANWR on Capitol Hill,REAL
BREAKING: President Trump Signs Executive Order Stripping NFL Of â€˜Non-Profitâ€™ Status,FAKE
BREAKING: Sasha Obama Just Crashed Her Expensive New Car Into A Lake,FAKE
PolitiFactâ€™s annotated transcript of the second presidential debate,REAL
"UN Refugee Agency welcomes arrival of 10,000th Syrian refugee resettled to United States",REAL
Former presidents walk fine line in Trumpâ€™s America,FAKE
VIDEO: Special Preview Of Jersey Shore In Miami!,REAL
